AccountKey,AccountCode,AccountName,AccountCategory,PLOrder,IsRevenueDriver,Sign
101,4000,Product Revenue,Revenue,10,1,1
102,4010,Services Revenue,Revenue,20,1,1
103,4020,Recurring Revenue,Revenue,30,1,1
201,5000,Cost of Goods Sold,COGS,40,0,-1
202,5010,Cloud Infrastructure,COGS,50,0,-1
301,5999,Gross Profit,Other,60,0,1
401,6000,R&D,Opex,70,0,-1
402,6100,Sales & Marketing,Opex,80,0,-1
403,6200,G&A,Opex,90,0,-1
404,6300,Depreciation & Amortization,Opex,100,0,-1
501,6999,EBITDA,Other,110,0,1
502,7099,EBIT,Other,120,0,1
503,7100,Interest Expense,Other,130,0,-1
504,7999,Net Income,Other,140,0,1
601,8000,Operating Cash Flow,Other,150,0,1
602,8100,Capital Expenditures,Other,160,0,-1
603,8999,Cash Balance,Other,170,0,1
