DateKey,DepartmentKey,ScenarioKey,Headcount,Hires,Attritions,PersonnelCost
20240101,1,1,58,2,0,813.6
20240101,2,1,38,2,0,399.8
20240101,3,1,178,3,1,2764.5
20240101,4,1,44,2,0,626.0
20240101,5,1,122,3,0,1687.0
20240101,6,1,46,2,0,543.9
20240101,7,1,31,2,0,385.2
20240101,8,1,33,2,1,383.6
20240201,1,1,58,1,0,815.2
20240201,2,1,38,1,1,400.6
20240201,3,1,178,2,0,2770.0
20240201,4,1,44,1,0,627.3
20240201,5,1,122,2,0,1690.3
20240201,6,1,46,1,0,545.0
20240201,7,1,31,1,1,385.9
20240201,8,1,33,1,0,384.3
20240301,1,1,58,1,1,816.9
20240301,2,1,38,1,0,401.4
20240301,3,1,179,2,0,2791.1
20240301,4,1,44,1,0,628.5
20240301,5,1,123,2,0,1707.6
20240301,6,1,46,1,1,546.1
20240301,7,1,31,1,0,386.7
20240301,8,1,33,1,0,385.1
20240401,1,1,59,2,0,832.6
20240401,2,1,39,2,0,412.8
20240401,3,1,180,3,0,2812.3
20240401,4,1,45,2,0,644.1
20240401,5,1,124,3,1,1724.9
20240401,6,1,47,2,0,559.0
20240401,7,1,32,2,0,400.0
20240401,8,1,34,2,0,397.6
20240501,1,1,59,1,0,834.3
20240501,2,1,39,1,0,413.6
20240501,3,1,181,2,0,2833.6
20240501,4,1,45,1,1,645.4
20240501,5,1,125,2,0,1742.2
20240501,6,1,47,1,0,560.1
20240501,7,1,32,1,0,400.8
20240501,8,1,34,1,0,398.3
20240601,1,1,59,1,0,835.9
20240601,2,1,39,1,0,414.4
20240601,3,1,182,2,1,2854.9
20240601,4,1,45,1,0,646.7
20240601,5,1,126,2,0,1759.7
20240601,6,1,47,1,0,561.3
20240601,7,1,32,1,0,401.6
20240601,8,1,34,1,1,399.1
20240701,1,1,60,2,0,851.8
20240701,2,1,40,2,1,425.9
20240701,3,1,183,3,0,2876.2
20240701,4,1,46,2,0,662.3
20240701,5,1,127,3,0,1777.1
20240701,6,1,48,2,0,574.3
20240701,7,1,33,2,1,414.9
20240701,8,1,35,2,0,411.7
20240801,1,1,60,1,1,853.4
20240801,2,1,40,1,0,426.7
20240801,3,1,184,2,0,2897.6
20240801,4,1,46,1,0,663.7
20240801,5,1,128,2,0,1794.7
20240801,6,1,48,1,1,575.5
20240801,7,1,33,1,0,415.7
20240801,8,1,35,1,0,412.5
20240901,1,1,60,1,0,855.1
20240901,2,1,40,1,0,427.6
20240901,3,1,185,2,0,2919.1
20240901,4,1,46,1,0,665.0
20240901,5,1,129,2,1,1812.2
20240901,6,1,48,1,0,576.6
20240901,7,1,33,1,0,416.6
20240901,8,1,35,1,0,413.3
20240101,1,2,60,2,0,829.1
20240101,2,2,40,2,1,414.5
20240101,3,2,180,3,0,2753.6
20240101,4,2,46,2,0,644.7
20240101,5,2,124,3,0,1688.9
20240101,6,2,48,2,0,559.0
20240101,7,2,33,2,1,403.9
20240101,8,2,35,2,0,400.7
20240201,1,2,60,1,1,830.7
20240201,2,2,40,1,0,415.4
20240201,3,2,180,2,0,2759.1
20240201,4,2,46,1,0,646.0
20240201,5,2,124,2,0,1692.3
20240201,6,2,48,1,1,560.1
20240201,7,2,33,1,0,404.7
20240201,8,2,35,1,0,401.5
20240301,1,2,60,1,0,832.4
20240301,2,2,40,1,0,416.2
20240301,3,2,181,2,0,2780.0
20240301,4,2,46,1,0,647.3
20240301,5,2,125,2,1,1709.3
20240301,6,2,48,1,0,561.3
20240301,7,2,33,1,0,405.5
20240301,8,2,35,1,0,402.3
20240401,1,2,61,2,0,847.9
20240401,2,2,41,2,0,427.4
20240401,3,2,182,3,0,2800.9
20240401,4,2,47,2,1,662.6
20240401,5,2,126,3,0,1726.4
20240401,6,2,49,2,0,574.1
20240401,7,2,34,2,0,418.6
20240401,8,2,36,2,0,414.6
20240501,1,2,61,1,0,849.6
20240501,2,2,41,1,0,428.3
20240501,3,2,183,2,1,2821.9
20240501,4,2,47,1,0,664.0
20240501,5,2,127,2,0,1743.6
20240501,6,2,49,1,0,575.2
20240501,7,2,34,1,0,419.4
20240501,8,2,36,1,1,415.4
20240601,1,2,61,1,0,851.3
20240601,2,2,41,1,1,429.1
20240601,3,2,184,2,0,2842.9
20240601,4,2,47,1,0,665.3
20240601,5,2,128,2,0,1760.8
20240601,6,2,49,1,0,576.4
20240601,7,2,34,1,1,420.3
20240601,8,2,36,1,0,416.3
20240701,1,2,62,2,1,866.9
20240701,2,2,42,2,0,440.5
20240701,3,2,185,3,0,2864.0
20240701,4,2,48,2,0,680.8
20240701,5,2,129,3,0,1778.0
20240701,6,2,50,2,1,589.3
20240701,7,2,35,2,0,433.5
20240701,8,2,37,2,0,428.7
20240801,1,2,62,1,0,868.7
20240801,2,2,42,1,0,441.3
20240801,3,2,186,2,0,2885.2
20240801,4,2,48,1,0,682.1
20240801,5,2,130,2,1,1795.4
20240801,6,2,50,1,0,590.4
20240801,7,2,35,1,0,434.3
20240801,8,2,37,1,0,429.5
20240901,1,2,62,1,0,870.4
20240901,2,2,42,1,0,442.2
20240901,3,2,187,2,0,2906.4
20240901,4,2,48,1,1,683.5
20240901,5,2,131,2,0,1812.7
20240901,6,2,50,1,0,591.6
20240901,7,2,35,1,0,435.2
20240901,8,2,37,1,0,430.4
20241001,1,2,63,2,0,886.1
20241001,2,2,43,2,0,453.6
20241001,3,2,188,3,1,2927.7
20241001,4,2,49,2,0,699.1
20241001,5,2,132,3,0,1830.2
20241001,6,2,51,2,0,604.6
20241001,7,2,36,2,0,448.5
20241001,8,2,38,2,1,442.9
20241101,1,2,63,1,0,887.9
20241101,2,2,43,1,1,454.5
20241101,3,2,189,2,0,2949.0
20241101,4,2,49,1,0,700.4
20241101,5,2,133,2,0,1847.6
20241101,6,2,51,1,0,605.8
20241101,7,2,36,1,1,449.4
20241101,8,2,38,1,0,443.7
20241201,1,2,63,1,1,889.6
20241201,2,2,43,1,0,455.4
20241201,3,2,189,2,0,2954.8
20241201,4,2,49,1,0,701.8
20241201,5,2,133,2,0,1851.3
20241201,6,2,51,1,1,607.0
20241201,7,2,36,1,0,450.3
20241201,8,2,38,1,0,444.6
20240101,1,3,59,2,1,840.1
20240101,2,3,39,2,0,416.5
20240101,3,3,179,3,0,2821.7
20240101,4,3,45,2,0,649.9
20240101,5,3,123,3,0,1726.3
20240101,6,3,47,2,1,564.0
20240101,7,3,32,2,0,403.6
20240101,8,3,34,2,0,401.1
20240201,1,3,59,1,0,841.7
20240201,2,3,39,1,0,417.3
20240201,3,3,179,2,0,2827.4
20240201,4,3,45,1,0,651.2
20240201,5,3,123,2,1,1729.8
20240201,6,3,47,1,0,565.2
20240201,7,3,32,1,0,404.4
20240201,8,3,34,1,0,401.9
20240301,1,3,59,1,0,843.4
20240301,2,3,39,1,0,418.1
20240301,3,3,180,2,0,2848.8
20240301,4,3,45,1,1,652.5
20240301,5,3,124,2,0,1747.3
20240301,6,3,47,1,0,566.3
20240301,7,3,32,1,0,405.2
20240301,8,3,34,1,0,402.7
20240401,1,3,60,2,0,859.4
20240401,2,3,40,2,0,429.7
20240401,3,3,181,3,1,2870.4
20240401,4,3,46,2,0,668.3
20240401,5,3,125,3,0,1764.9
20240401,6,3,48,2,0,579.5
20240401,7,3,33,2,0,418.7
20240401,8,3,35,2,1,415.4
20240501,1,3,60,1,0,861.1
20240501,2,3,40,1,1,430.6
20240501,3,3,182,2,0,2891.9
20240501,4,3,46,1,0,669.6
20240501,5,3,126,2,0,1782.5
20240501,6,3,48,1,0,580.6
20240501,7,3,33,1,1,419.5
20240501,8,3,35,1,0,416.2
20240601,1,3,60,1,1,862.8
20240601,2,3,40,1,0,431.4
20240601,3,3,183,2,0,2913.6
20240601,4,3,46,1,0,671.0
20240601,5,3,127,2,0,1800.2
20240601,6,3,48,1,1,581.8
20240601,7,3,33,1,0,420.3
20240601,8,3,35,1,0,417.0
20240701,1,3,61,2,0,878.9
20240701,2,3,41,2,0,443.1
20240701,3,3,184,3,0,2935.3
20240701,4,3,47,2,0,686.9
20240701,5,3,128,3,1,1818.0
20240701,6,3,49,2,0,595.1
20240701,7,3,34,2,0,433.9
20240701,8,3,36,2,0,429.8
20240801,1,3,61,1,0,880.7
20240801,2,3,41,1,0,443.9
20240801,3,3,185,2,0,2957.1
20240801,4,3,47,1,1,688.2
20240801,5,3,129,2,0,1835.8
20240801,6,3,49,1,0,596.3
20240801,7,3,34,1,0,434.8
20240801,8,3,36,1,0,430.6
20240901,1,3,61,1,0,882.4
20240901,2,3,41,1,0,444.8
20240901,3,3,186,2,1,2978.9
20240901,4,3,47,1,0,689.6
20240901,5,3,130,2,0,1853.7
20240901,6,3,49,1,0,597.4
20240901,7,3,34,1,0,435.6
20240901,8,3,36,1,1,431.5
20241001,1,3,62,2,0,898.6
20241001,2,3,42,2,1,456.6
20241001,3,3,187,3,0,3000.8
20241001,4,3,48,2,0,705.7
20241001,5,3,131,3,0,1871.6
20241001,6,3,50,2,0,610.8
20241001,7,3,35,2,1,449.3
20241001,8,3,37,2,0,444.4
20241101,1,3,62,1,1,900.4
20241101,2,3,42,1,0,457.5
20241101,3,3,188,2,0,3022.8
20241101,4,3,48,1,0,707.0
20241101,5,3,132,2,0,1889.6
20241101,6,3,50,1,1,612.0
20241101,7,3,35,1,0,450.2
20241101,8,3,37,1,0,445.2
20241201,1,3,62,1,0,902.2
20241201,2,3,42,1,0,458.4
20241201,3,3,188,2,0,3028.7
20241201,4,3,48,1,0,708.4
20241201,5,3,132,2,1,1893.3
20241201,6,3,50,1,0,613.2
20241201,7,3,35,1,0,451.1
20241201,8,3,37,1,0,446.1
20241001,1,1,62,2,0,904.0
20241001,2,1,42,2,1,460.3
20241001,3,1,186,3,0,3030.8
20241001,4,1,48,2,0,714.2
20241001,5,1,130,3,0,1882.8
20241001,6,1,50,2,0,615.7
20241001,7,1,35,2,1,453.8
20241001,8,1,37,2,0,449.7
20241101,1,1,62,1,1,905.8
20241101,2,1,42,1,1,461.2
20241101,3,1,187,2,0,3053.0
20241101,4,1,48,1,0,715.5
20241101,5,1,131,2,0,1900.9
20241101,6,1,50,1,1,616.9
20241101,7,1,35,1,1,454.7
20241101,8,1,37,1,0,450.5
20241201,1,1,62,1,0,907.6
20241201,2,1,42,1,0,462.1
20241201,3,1,187,2,0,3059.0
20241201,4,1,48,1,0,716.9
20241201,5,1,131,3,1,1904.7
20241201,6,1,50,2,0,618.1
20241201,7,1,35,1,0,455.6
20241201,8,1,37,1,0,451.5
